Departamento,Barrio/Localidad,Organización,Actividad/es,Necesidades,Número de contacto,Otro contacto,Dirección,Horario,Aclaraciones Adicionales,Cuenta Banco,Coordenada Latitud,Coordenada Longitud
Montevideo,Cerro,Ateneo Cerro,Punto de Donación,"Alimentos no perecederos, frutas y verduras, productos de higiene",099563819,,Grecia esq. Perú,,,,-34.878388,-56.250416
Montevideo,Cruz de Carrasco,La Pascua,Punto de Donación,Alimentos,25258077 ,092465261,Agazzi 2707,10 a 15 hs,También retiran a domicilio,,-34.871321,-56.097258
Montevideo,Flor de Maroñas,Iniciativa vecinal Club Flor de Maroñas,Olla,Alimentos,097 098 032  097 474 368  094 098 578,,Manuel Acuña y Del Fuerte,L a V 20:30 hs.S y D 14 hs..,Llevar vianda,,-34.851076,-56.117720
Montevideo,La Teja,Iniciativa vecinal,Punto de Donación,Alimentos,098 600 393,,Emilio Romero y Agustín Muñoz,,,,-34.866492,-56.228167
Montevideo,La Teja,Club de la Alegría,Punto de Donación,Alimentos y productos de higiene.,092 279 519,,Dionisio Coronel 963,,Coordinación telefónica,,-34.867601,-56.235463
Montevideo,La Teja,Bar DALE GAUCHO,Olla,Alimentos y otro tipo de donaciones,094413087,,Emilio Romero 952 esq Heredia,13 a 15 hs,"Reciben donaciones, de 10 a 18 hs (Hablar con Luis Ramos) Almuerzo de 13 a 15 hs. - Llevar vianda Martes y jueves",,-34.870646,-56.232576
Montevideo,Los Bulevares,Comisión fomento,Merienda,Alimentos y otro tipo de donaciones,097151643  096671054  091067740,,Ideario Artiguista y Liga Federal,,"Reciben donaciones en:  Panadería ""El Oeste"" (frente a Red Market);   Ferretería ""El Destino (I. Artiguista 1865)  Almacén ""El Nogal"" (Cimarrones 7655)",,-34.820697,-56.282861
Montevideo,Nuevo España,Iniciativa vecinal,Olla,Alimentos,25119629 ,095495706,Servidumbre 705 (Salón comunal),,Olla popular y merienda,,-34.819877,-56.090126
Montevideo,Paso Carrasco,El Abrojo Paso Joven SOCAT,Punto de Donación,Reciben donaciones,098 103 973,,Vaz Ferreira 52  , L a V de 13 a 18 hs.,Coordinación telefónica.,,-34.853175,-56.047211
Montevideo,Ciudad Vieja,Olla Solidaria Barrial,Olla,"Alimentos no perecederos, frutas y verduras, carne, productos sanitarios (tapabocas, guantes, alcohol en gel, detergente,etc)",098141813  094053638,,Pérez Castellano y Sarandí,,Distribución de viandas - Sábado y Domingo al mediodía,,-34.908129,-56.209865
Canelones,Lagomar,Escuela Legado Box,Canasta,Alimentos no perecederos,093818549  094306437,,Calle 34 Solar 38 Manzana 63,,Tienen posibilidad de ir a buscar donaciones,,-34.821545,-55.988923
Canelones,Lagomar,Mujeres en Alerta,Punto de Donación,"Alimentos, productos de higiene, juegos/juguetes",091786159  094972263,,Becú y Av. Giannattasio (Plaza 8 de Marzo),,,,-34.834563 ,-55.982447
Montevideo,Prado,Comité Bile Martínez,Punto de Donación,Alimentos y productos de higiene,092769462 094762392 098394643,,Islas Canarias 4264 esq. Juan Lavalle,,"Pasan a buscar donaciones, colaboran con La Olla y reparten en zonas vulnerables",,-34.850374,-56.206733
Montevideo,Punta de Rieles,Capilla Santo Domingo,Punto de Donación,Alimentos no perecederos y artículos de limpieza,098291299,,Camino Maldonado 5842 y Venecia,,,,-34.838990,-56.120792
Montevideo,Paso de la Arena,Iniciativa vecinal - Villa Sarandí,Punto de Donación,Alimentos,    091 881 443,,Romeo Gavioli y Dolores Candales S/N ,Todos los días de 14 a 19 hs.,,,-34.842495,-56.260876
Montevideo,Peñarol,Comité Peñarol,Punto de Donación,Alimentos no perecederos,095281659,,Aparicio Saravia y Shakespeare,16 a 17 hs,Reciben donaciones los miércoles y viernes o se puede coordinar para retirar a domicilio.,,-34.825392,-56.202790
Montevideo,Nuevo París,C.A.Villa Teresa,Olla,Reciben todo tipo de donaciones,094951553,,Islas Canarias 4978,Todos los días partir de las 13 hs,,,-34.840308,-56.225479
Montevideo,Punta de Rieles,Brigada Zapicán,Punto de Donación,"Alimentos no perecederos, frutas y verduras, carne. Productos de limpieza.",098635050 093381094,,Centauro 6845 entre Leo y Virgo.,Todos los días 19:30hs,,,-34.824577,-56.098628
Montevideo,Bella Italia,Coop. FUCVAM,Punto de Donación,Reciben todo tipo de donaciones,098124387  098638765,,SUM Complejo Juana de América,Lunes a Viernes de 10 a 12 hs y de 17 a 19 hs,,,-34.830802,-56.114409
Montevideo,Casabó,Iniciativa Vecinal,Merienda,"Leche, azúcar, cocoa, harina, dulce, manteca, huevos, pan, galletitas, etc.",092405789 096557454,,Continuación Perú 2540 esq. Pasaje Solano,,,,-34.881252,-56.268656
Montevideo,Casabó,Iniciativa Vecinal,Olla,Reciben todo tipo de donaciones,093819595,,Senegal 3785 esq. Charcas.,,Entrega de vianda,,-34.886869,-56.267889
Montevideo,Centro,ONG EL ABROJO,Punto de Donación,"Alimentos no perecederos, artículos de limpieza e higiene personal y del hogar",098575716,,Soriano 1153,Lunes a viernes de 9 a 15 hs,Coordinación telefónica de donaciones,,-34.907515,-56.191026
Montevideo,Villa Dolores,Red Solidaria,Punto de Donación,Alimentos no perecederos y artículos de limpieza,094204040 099629958 099337003,,Julio César 1466,Sábados de 11 a 13 y de 16 a 18hs,Pasan a buscar las donaciones en esos horarios,,-34.900014,-56.141644
Montevideo,Cerro,Iniciativa vecinal,Canasta,Alimentos no perecederos y productos de limpieza,091944342 098759845 099834255,,Grecia y Viacaba,"Reciben donaciones en el local lunes, miércoles y viernes de 17 a 19 hs",,,-34.887354,-56.248649
Canelones,Ciudad de la Costa,Club Albion,Canasta,Alimentos,099604054,,Interbalnearia y Marquez Castro,,Están armando canastas para entrega a familias del barrio,,-34.810931,-55.966150
Canelones,Costa de Oro,Resistencias de la Costa,Punto de Donación,Alimentos,098 067 805 099 301 228 099 472 132 095 903 271,,Supermercado Kabe en El Pinar.  ,,En Neptunia en Los Robles entre Coronilla y Av. Del Parque llamando a celulares de contacto.,,-34.800549 ,-55.921250
Canelones,Las Piedras,El Abrojo / Trampolines,Punto de Donación,Alimentos,099 699 322,,Wilson Ferreira Aldunate 712 ,,Coordinación telefónica,,-34.724075,-56.220145
Canelones,Lomas de Solymar,Lomas 3 Baby Fútbol,Punto de Donación,Alimentos no perecederos y productos de limpieza,098925931 092725742, ,Calle 2 esquina Tiburón,Miércoles y Viernes de 18 a 20 hs.,,,-34.813833,-55.932146
Canelones,Shangrilá,Iniciativa vecinal,Punto de Donación,Se reciben alimentos.,09101976, ,Perú Manzana 18 Solar 22 entre EEUU y San Francisco.,,,,-34.806792,-55.908090
Canelones,Villa la Colina,Merendero Los conquistadores Apoya Grupo Misericordia,Merienda,Alimentos y donaciones,091 292 894,,"Polideportivo: ""La Colina"" R8, km24",,,,-34.762859,-56.016885
Montevideo,Palermo,Bares Finisterre y El Hormiguero,Punto de Donación,Acopian donaciones para llevar a diferentes ollas,099569017 095010898,,José Enrique Rodó 1799 (Bar Finisterre)  / San Salvador 1644 (Bar Hormiguero),,Personalmente en los bares o lo pasan a buscar si es cerca (andan en bici) - Cordón y Palermo,,-34.904614,-56.177608
Flores,Ismael Cortinas,Iniciativa Vecinal,Olla,Alimentos,098360975 092010950,,"Club Arroyo Grande, En Ismael Cortinas: Mevir 4, Núm 25857 En Trinidad: Gral. Flores 454",,"Sábados y Domingo, mediodía y noche",,-33.959253,-57.087904
Maldonado,Playa Grande,Merendero,Merienda,"Alimentos no perecederos,  leche y pan",094254015,,Calle 26 entre 2 y 3,,"Almuerzo - sábados y domingos 13 hs. Merienda - todos los días 18 hs. Cena- todos los días de 19 a 21 hs. LLEVAR TAZA, TUPPER Y CUBIERTOS",,-34.844409,-55.293692
Río Negro,Fray Bentos,Iniciativa Vecinal,Punto de Donación,Alimentos,091 026 159,,Oribe 1935,,,,-33.122995,-58.297523
Salto,Salto,CECOED,Punto de Donación,"Alimentos no perecedores, artículos de higiene personal y ambiental, pañales de adultos/as y niños/as",092350389 47327359,,Avda. Luis Batlle Berres esq. Enrique Amorín,,,,-31.378475,-57.944455
Tacuarembó,Tacuarembó,DJ's y Olimpo,Canasta,Alimentos,092838233 097435635,,Calle 245,,,,-31.723711,-55.981348
Montevideo,Buceo,MIRAMAR BBC,Canasta,Alimentos en general para armar canastas.,099926182,,Santiago Gadea 3537,"Lunes 30 a viernes 3, de 10 a 12 y de 17.30 a 19 hs.",,,-34.890738,-56.142678
Montevideo,Reducto,Comité Guaycurú,Punto de Donación,Alimentos no perecederos y artículos de limpieza,099 458 417,,Evaristo Ciganda 1397 BIS,Todos los días de 10 a 12 y de 17.30 a 19.30,Pueden ir a buscar donaciones a domicilio,,-34.875694,-56.188517
Montevideo,Bella Vista,Club Bella Vista,Olla,Reciben donaciones,099167275 098456226,,Av. Agraciada 3100 esquina Ascencio Sede Bella Vista,Martes y Viernes 12hs,Llevar tupper. Un sólo representante por familia,,-34.874093,-56.200484
Montevideo,Cruz de Carrasco,iniciativa vecinal,Olla,"Alimentos no perecederos, verduras, implementos de cocina, sanitarios, garrafa/anafe o similar",098238589,Donaciones: 099102799 - 099629422,Camino Oncativo 2918 (Casona Covicruz),Sábados 12 horas,Es necesario llevar recipiente y concurrir una persona por familia,,-34.867607,-56.098921
Montevideo,Flor de Maroñas,Club Deportivo Celiar,Olla,Reciben todo tipo de donaciones,097 412 466,,Ombú y Ulises Favaro,Entrega de viandas: lunes a viernes de 19 a 20 hs. Sabado y Domingo de 17 a 18 hs,"Llevar recipiente, se entrega para el núcleo familiar. Se reciben donaciones de lunes a viernes de 17 a 20 hs; Sabado y Domingo de 16 a 18 hs.",,-34.848776,-56.113368
Montevideo,Malvín Norte,Iniciativa vecinal,Olla,Alimentos para olla y una olla grande,095 636 657,,Hipólito Yrigoyen e Iguá,Todos los días 19:30,,,-34.880786,-56.111456
Canelones,Santa Lucía,Inter Sindical PIT-CNT,Olla,Alimentos,098691711        092213138  092249381,,Ramón Irigoyen entre 18 de Julio y Mitre,Entrega de vianda todos los días. Sábados y domingos también merienda,Se reciben las donaciones en el horario de 17.00 a 20.00 hs en el local de la Inter Sindical del PIT-CNT,,-34.448901,-56.393950
Montevideo,Cerrito de la Victoria,Ollas y Canastas Solidarias,Olla,"Alimentos no perecederos, frutas y verduras, Artículos de limpieza, tuppers, cubiertos descartables",098422915 099841142 094807175 099927956 091252622,,Gral Flores y Chimborazo (Club Santa Ana),Martes 31 de marzo. 18 hs.,Llevar tupper. Por más información sobre las ollas que realiza esta organización: En instagram: ollasolidariamunicipiod . En facebook: OllaSolidarias,,-34.850138,-56.158792
Montevideo,Conciliación,Club Brandi,Olla,"Alimentos no percederos, productos de higiene y limpieza",098964527 096450004,,Adolfo Rodriguez 6738,Olla 18 hs.Recepción de donaciones a partir de las 13 hs.,,,-34.821829,-56.226056
Montevideo,Aires Puros,Centro Salesiano,Canasta,Solo dinero,2355 5684,,No corresponde,,,BBVA - CC $ 9927 19836 Centro Salesiano Aires Puros,No corresponde,No corresponde
Montevideo,Villa Española,Unidos Centro Educativo,Canasta,"Alimentos, productos de limpieza e higiene, donaciones económicas",091203982,,Francisco Vázquez Cores 3247,Lunes a Viernes,Tienen nexo con la iniciativa Involucrate,,-34.860547,-56.143978
Montevideo,Aguada,Aute,Punto de Donación,Campaña de recolección de alimentos para familias y para personal de servicios esenciales o en situación de vulnerabilidad.,092040449,,Av. Agraciada 2463,,Elaboración y reparto de alimentos para personal de servicios esenciales o en situación de vulnerabilidad.,,-34.886827,-56.191405
Montevideo,Centro,Adeom,Punto de Donación,Campaña del Kilo para familias vulnerables.,099759758,,Canelones 1330,,"Reciben solo donaciones para canastas, no están haciendo ollas",,-34.908433,-56.187183
Montevideo,Reducto,Coordinadora D,Canasta,"Productos de limpieza, alimentos secos, juguetes, ropa en buen estado, transporte",099204370  099869454,,Gil 1051 esq. Dufort y Álvarez,,"Es el comité del FA cuaró, en principio recibe solo donaciones para armado de canastas",$ 00152324-00001 BROU,-34.870238,-56.202083
Montevideo,Jacinto Vera,Iniciativa vecinal,Canasta,"Alimentos no perecederos, artículos de higiene personal y para el hogar",095588004 (Gastón)  097977933,,No corresponde,,Se coordina por teléfono,,No corresponde,No corresponde
Montevideo,Cerrito de la Victoria,COLECTIVO TRANS,Olla,"Reciben alimentos no perecederos, verduras, condimentos, etc.",095206931 099211688,,Manuel Meléndez 4017 entre León Pérez y Santiago Sierra,,,,-34.855432,-56.164654
Tacuarembó,Tacuarembó,Club FiatLux,Punto de Donación,Reciben donaciones de alimentos,46320615,,Sarandí 354,,Hacen ollas a veces pero no tienen día ni horario fijo,,-31.716903 ,-55.976964
Montevideo,Cerrito de la Victoria,METELE QUE SON PASTELES,Canasta,Alimentos para canasta,094476451 091211765 098000052 099757609,1950 int. 7487,Joaquín Artigas 3326 (local de la murga),15-18 hrs  (Coordinar vía telefónica),"Se retiran las donaciones a domicilio, están armando canastas para llevar a donde se indiquen, se manejan fundamentalmente a través de los celulares.",,-34.859985,-56.168190
Montevideo,Nuevo París,Centro Cultural Totó y vecinos/as del barrio,Canasta,Reciben donaciones,097426604,98429757,No corresponde,,,,No corresponde,No corresponde
Montevideo,Arroyo Seco,Manos Ancapeanas Brigada Solidaria,Punto de Donación,Reciben todo tipo de alimentos para distribuir a ollas populares,0983221514,,Av. Agraciada 2522,,,,-34.885439,-56.192380
Montevideo,Centro,SUA (Sociedad Uruguaya de Actores),Punto de Donación,Reciben todo tipo de donaciones,091 381 895,098 787 582,Centro Cultural Carlos Brussa (Mercedes 931),15 a 19,,"Brou de Caja de Socorros de SUA, Cuenta Corriente 001554456-00002 en pesos",-34.904083,-56.196575
Montevideo,Piedras Blancas,Solidario Unido Seis Barrios,Olla,Alimentos no perecederos y productos para celíacos,092927150,094360368,Calle Rafael solar 43 esq Dunant,11 a 19hs,Además de organizar ollas también organizan canastas y meriendas,,-34.823159,-56.126744
Montevideo,Unión,Club Estudiantes de la Unión,Olla,"Alimentos no perecederos, carne, artículos de limpieza y ropa de abrigo",094460660,lalogarmen2@gmail.com,Cabrera y Pernas,,Cuentan con disponibilidad horaria y locomoción para ir por las donaciones,,-34.878352,-56.142935
Montevideo,Barrio Lavalleja,Club Royal,Merienda,recepcionan alimentos y donaciones en la sede,093734042,,Yucutuja 1250,"Validar vía celular, 18hrs en la cancha",,,-34.836477,-56.194803
Montevideo,Belvedere,Iniciativa vecinal,Merienda,Alimentos como para la merienda,095626343,,Esmeralda frente a la vía esq. Emancipación,"Lunes, Miércoles y viernes a las 17 hs",,,-34.852915,-56.215804
Montevideo,"Ciudad Vieja,Barrio Sur,Aguada,Centro",Jóvenes FA,Realización de compras,No corresponde,093302231,,No corresponde,Se toman pedidos de mandados hasta las 18 hs y se comienza a repartir a partir de las 19 hs.,Realización de compras a población de riesgo,,No corresponde,No corresponde
Montevideo,"Cordón,Palermo,Parque Rodó,Aguada,La Comercial,Tres Cruces",Jóvenes FA,Realización de compras,No corresponde,099440874,,No corresponde,,Realización de compras a adultos mayores,,No corresponde,No corresponde
Montevideo,Bella Vista,Jóvenes FA,Canasta,"Se recibe alimentos no perecederos, juguetes, ropa, apoyo transporte",099204370,099869454,Hermanos Gil 1051 esq Dufort y Álvarez, Martes miércoles y viernes de 15 a 19 hs,,Caja de ahorro en pesos (Brou) 000152324-00001,-34.870110,-56.202101
Montevideo,Capurro,Club Atlético Capurro,Olla,Se reciben alimentos,099202923,096496373   091802863,Capurro 922,De lunea a viernes de 15 a 18 hs ,La olla se hace los sábados y domingos de 11 a 15 hs,,-34.869417,-56.208516
Canelones,Santa Lucía,PIT-CNT,Otros,Alimentos no perecederos.,098691711 092213138  092249381,,Ramon Irigoyen entre 18 de Julio y Julio Mitre,de 17:00 a 20:00 hrs,coordinar vía telefónica para retirar viandas,,-34.448007,-56.393196
Montevideo,Maroñas,Jóvenes FA,Canasta,Alimentos no perecederos y artículos de primera necesidad,098524292,098948820,Veracierto 3310,Jueves 2 de 14 a 18 hs,,,-34.855858,-56.129185
Montevideo,Aires Puros,Jóvenes FA,Canasta,Alimentos y artículos de limpieza,099144809,,"Comité Carlos Quijano, Atahona esq. Celedonio Rojas",Jueves y sábado de 10 a 12 hs,,,-34.850648,-56.187903
Montevideo,Barrio Lavalleja,Red Solidaria Barrio Lavalleja,Olla,Se brinda alimento ,098865307 (Florencia),094357002 Hugo,"Av de las instrucciones Esq Silva, Teatro del Barrio","12-14; 17:30 a 19:30, Sábado 16hrs",,,-34.837184,-56.193573
Montevideo,Conciliación,Jóvenes FA,Olla,Alimentos,098964527,096450004,Adolfo Rodíguez 6664 (Club Brandi),"Diario, donaciones desde las 13 hs y olla a las 18 hs.",,(Brou) 000816328-00002,-34.822731,-56.224406
Montevideo,Barrio Lavalleja,Cooperativa Tacuabe,Olla,Se brinda alimento ,099057783,093967875,Clemeceau 937 Esq Cayetano silva,12 a 17 hrs,,,-34.846143,-56.198035
Montevideo,Barrio Lavalleja,"Salón comunitario ""San Antonio""",Punto de Donación,Alimentos,096951220,,Yucutujá 1250 esq. Santos,,,,-34.836521,-56.194814
Montevideo,Barrio Lavalleja,Red Solidaria Barrio Lavalleja,Olla,Se brinda alimento en el siguiente horario,099709823,,"Av de las instrucciones 1200 A, apto 2",12 a 17 hrs,,,-34.840029,-56.196460
Montevideo,Barrio Lavalleja,Red Solidaria Barrio Lavalleja,Punto de Donación,Retiramos Tu donación,098865307-Florencia,094357002  Hugo,No corresponde,durante el día,Retiramos tu donación,,No corresponde,No corresponde
Montevideo,Malvín Norte,Jóvenes FA,Punto de Donación,Recaudación de alimentos no perecederos,092929791,,8 de octubre y Villagrán 4173,Lunes y viernes de 16 a 18 hs,,,-34.868870,-56.134889
Canelones,Tala,Liceo de Tala,Punto de Donación,Se reciben donaciones de cualquier tipo para hacer olla popular,095417092,,Liceo de Tala,Durante el día,,,-34.344580,-55.760188
Montevideo,La Teja,El rancho,Punto de Donación,Se reciben donaciones de cualquier tipo para hacer olla popular,23051061,094524282,Heredia y Martin Berindague,"De 11 a 13 se brinda almuerzo, se reciben donaciones durante el día",,,-34.870060,-56.233237
Montevideo,La Teja,iniciativa vecinal,Punto de Donación,Se reciben donaciones de cualquier tipo para hacer olla popular,094097964  095495396  094900817,,No corresponde,durante día,,,No corresponde,No corresponde
Montevideo,Cordón,SERPAJ,Punto de Donación,Alimentos no perecederos,24085301,,Requena 1642 entre 18 de Julio y Colonia,Jueves 2 de abril de 15 a 18 hs - Viernes 3 de abril de 14 a 17 hs,,,-34.898523,-56.170184
Montevideo,Piedras Blancas,Solidarios Unidos seis barrios,Olla,Alimentos y donaciones,092927150 María,,Rafael y Teniente Galeano (frente a la barraca),Merienda 17 hs. Reparten Cena a las 20 hs.,También cubren merienda. Llevar tupper,,-34.825375,-56.126258
Montevideo,Piedras Blancas,Merendero Estrella de Oro,Olla,"Alimentos, productos de higiene y limpieza",096098766 Yessica,,Clemente Ruggia y Ma del Rosario Ramos (salón de la cancha),19hs,"Llevar tupper, olla de demanda muy creciente. Solicitan guantes y tapabocas para las personas voluntarias",,-34.818080,-56.131447
Montevideo,Piedras Blancas,Merendero Nuevo Amanecer,Olla,"Alimentos, productos de higiene y limpieza",095286057 Ana,,San Cono 3981 esq César Batlle Pacheco y Francisca Barroso,20hs,Llevar tupper,,-34.817925,-56.136352
Montevideo,Bella Italia,Iniciativa vecinal,Olla,"Alimentos, leche en polvo, productos de higiene y limpieza",094368436 Ismael,093867350 Loreley,Blanco Acevedo 6159 esq. Florencia. Almacén Peladito,20:30hs,Jueves y Viernes. Demandan principalmente Leche en polvo,,-34.830255,-56.115961
Montevideo,Bella Italia,Iniciativa vecinal,Olla,"Alimentos, leche en polvo, productos de higiene y limpieza",093835462 Roberto,095820596 Juan Pablo. 096488282 Luis,Felisberto Hernandez 3538 BIS,17hs y 20hs,Funciona Sábados y Domingos / 17hs merienda 20hs cena / Demandan Guantes y tapabocas para voluntarios/as,,-34.829107,-56.112125
Montevideo,Bella Italia,Complejo Juana de América,Punto de Donación,Alimentos y productos de higiene y limpieza para armado de canastas,098124387 Natalia,098638765 Luciana,Complejo Juana de América. Salón comunal,10 a 12 y 17 a 19hs,"Martes, jueves y sábados. Demandan guantes y tapabocas para voluntarios/as. (Arroz y fideos tienen mucho)",,-34.828276,-56.114418
Montevideo,Bella Italia,Brigada José Artigas,Olla,Alimentos (carnes y verduras principalmente) Alcohol en gel,095775335 Adrián,,Carlomagno esq. Victor Manuel. Mercadito Bella Italia,12hs,Lunes a viernes. Demandan cocineros. Guantes y tapabocas para la gente que cocina,BROU Caja de ahorro en pesos Nº 110171769-00001,-34.836224,-56.117719
Montevideo,Bella Italia,Iniciativa vecinal,Olla,"Alimentos, leche en polvo, productos de higiene y limpieza",097030441 Gabriela,,Manuel Perez 6129 esq. Curis,20hs,Martes y miércoles / 17hs merienda 20hs cena / Demandan principalmente leche en polvo,,-34.830379,-56.116276
Montevideo,Villa Dolores,Club Layva,Punto de Donación,Alimentos no perecederos y artículos de limpieza,099337003,099629958  094204040,Julio César 1466,Miércoles de 17 a 18 hs y sábados de 12 a 13 hs,Pasan a buscar los miércoles de 16 a 18 hs y sábados de 11 a 13 hs o 16 a 18 hs,,-34.899961,-56.141623
Montevideo,Villa Dolores,Club 25 de agosto,Punto de Donación,Alimentos no perecederos y artículos de limpieza,099337003,099629958  094204040,José L. Bado 3186,Miércoles de 17 a 18 hs y sábados de 12 a 13 hs,Pasan a buscar los miércoles de 16 a 18 hs y sábados de 11 a 13 hs o 16 a 18 hs,,-34.901276,-56.146676
Montevideo,Paso Molino,El abrojo,Punto de Donación,"Alimentos no perecederos, artículos de limpieza e higiene personal y del hogar",098424814,,Vicente Basagoity 3922,Lunes a viernes de 13 a 18 hs,,,-34.861849,-56.216908
Montevideo,Colón,El abrojo,Punto de Donación,"Alimentos no perecederos, artículos de limpieza e higiene personal y del hogar",091269590,,Amandau 5722 esq. Eduardo Raíz,Lunes a viernes de 11 a 16 hs,,,-34.805239,-56.224665
Canelones,Las Piedras,El abrojo,Punto de Donación,"Alimentos no perecederos, artículos de limpieza e higiene personal y del hogar",099699322,,Wilson Ferreira Aldunate 712,Lunes a viernes de 9 a 15 hs,,,-34.714339,-55.961890
Canelones,Las Piedras,El abrojo,Punto de Donación,"Alimentos no perecederos, artículos de limpieza e higiene personal y del hogar",094992782,,Av. Instrucciones del año XIII (al fondo de comedor estudiantil),Lunes a viernes de 11 a 15 hs,,,-34.727993,-56.217591
Paysandú,Paysandú,"Liga universitaria, Paysandú",Canasta,Reciben todo tipo de donaciones,091401964,,"No corresponde, donaciones a coordinar",,,"BROU, CA$ 001409166-00002",No corresponde,No corresponde
Montevideo,Piedras Blancas,"Olla Solidaria Sumando Esfuerzo, Comisión 16 de Marzo.",Punto de Donación,"Alimentos no perecederos, verduras, carne, artículos de limpieza y de higiene personal.","095952219, 095078679",,No Corresponde,En el día,Comunicarse vía móvil para concretar,,No corresponde,No corresponde
Rivera,Rivera,Mides e Intendencia de Rivera,Empresa que dona,No corresponde,IdR y MIDES Rivera,,"Barrios: Rivera Chico, Misiones, La Arenera, Colegio Don Bosco",Todos los días de 11 a 13,Comedores departamentales. Llevar cédula y recipiente.,,No corresponde,No corresponde
Rivera,Rivera,Cuerpo docente Liceo Número 2,Canasta,Alimentos y productos de limpieza para canastas,094955669,,Barrio Rivera Chico,,,,No corresponde,No corresponde
Rivera,Rivera,Modistas,Empresa que dona,No corresponde,www.facebook.com/sonia.rodriguez.900,,Comunicarse por Facebook,,Donan tapabocas hechos a mano,,No corresponde,No corresponde
Paysandú,Paysandú,Mesa intersocial Paysandú,Punto de Donación,Alimentos,098307154,099486640,Levantan a domicilio,,,,No corresponde,No corresponde
Montevideo,Parque Rodó,Comité Parque Rodó,Punto de Donación,Alimentos y artículos de limpieza,099440874,099421672,Gonzalo Ramíres y Eduardo Acevedo,17 a 19,,,-34.911897,-56.173783
Rivera,Rivera,Cuerpo docente Liceo Número 3,Canasta,Alimentos y productos de limpieza para canastas,095252930,,Reyles y Tranqueras,,,,-30.907924,-55.537064
Montevideo,Casabó,Jóvenes FA,Olla,Alimentos,092190987,,Austria 2528 bis,Todos los días a las 20:30 hs,,,-34.883812,-56.276331
Montevideo,Centro,SUAP,Punto de Donación,"Jabón líquido, alcohol en gel, tapabocas, guantes descartables",29011982,,Local Fuecys (Río Negro 1210),"Del lunes 31 al jueves 2 de abril, de 10 a 17 hs",,,-34.908456,-56.193337
Montevideo,Colón,Asociación Civil Monte de la Francesa,Punto de Donación,"Se reciben donaciones, alimentos no perecederos",093 753 642,2320 8307,Iturbe y Lanus (en el teatro),Lunes a Sabádo de 15 a 19 hrs,,,-34.805083,-56.231988
Montevideo,Lezica,Iniciativa Vecinal,Olla,se reciben alimentos no perecedero y productos de limpieza,096262917,,Carlos Ott 2060 Bis,20:00 hrs,"Arrimarse con la vianda, coordinar entrega de alimentos no perecederos y productos de limpieza vía movil.",,-34.803937,-56.236244
Montevideo,Lezica,Club Estrella del Norte,Olla,Se reciben alimentos y productos de limpieza,No corresponde,,"Padre Pablo Pittini, 12400",Todo el día,Se hace olla y se reciben donaciones,,-34.793743,-56.238757
Montevideo,Santa Catalina,Iniciativa Vecinal,Olla,Se reciben alimentos,092726853,,Caminos Santa Catalina y los Murallones,Consultar horario,,,-34.892908,-56.291834
Montevideo,Cerro,Iniciativa Vecinal,Merienda,"Se reciben donaciones de: Leche en polvo, Cocoa, Azúcar,Bizcochos, Pan, Galletas, Dulces y Mermeladas, Fruta, Articulos de limpieza e Higiene",099834255,092728754,Asentamiento Fortaleza,Consultar vía celular,Se están realizando meriendas para ayudar a lxs Niñxs del asentamiento Fortaleza brindandoles una merienda diaria.,,-34.887839,-56.259934
Montevideo,Colón,"AIDA SUR, Empleados del Nuevo Chopicón,, Agrupación I.F.A. y Pepe DÈlia",Olla,Se reciben alimentos.,Gabriel Crause: 093678767,,Garzón y Lanús(Plaza Colón),Todos los días 12 y 18 hs,Traer Tupper o Vianda,,-34.848808,-56.232513
Montevideo,Colón,"Comunidad Charrúa Jaguar Berá, Gremio estudiantil Liceo 9, Comisión del Castillo",Punto de Donación,Se reciben alimentos no perecederos.,099761484,@castilloidiarte; @del9gremio,Av Lezica 5912 esquina iturbe,Coordinar vía redes,,,-34.802130,-56.232094
Montevideo,Nuevo Verdisol,Nucleo del liceo 74,Punto de Donación,Aportes a traves de cuenta y alimentos,092120727,,La tablada,Sábado y Domingo sirven a las 20,,,-34.813216,-56.253795
Montevideo,Colón,iniciativa Vecinal,Punto de Donación,"Donaciones y olla popular, también se reciben tapa bocas y productos de limpieza",094068329,095798613,"Fernando Menck 5880, ""La quinta""","18 hrs, contactar telefónicamente",,,-34.789402,-56.227309
Montevideo,Cordón,Mercado Popular de Subsistencia,Punto de Donación,"Alimentos no perecederos, Productos de limpieza, Dinero, Transporte de productos",099281748,098825512,No Corresponde,Durante el día,Coordinar via telefónica,Cuenta Brou Nº 000594817-00003,No corresponde,No corresponde
Montevideo,Casavalle,Grupo de madres de la escuela.,Merienda,"Leche, maizena, salsa y carne.",096138220 (Leticia),,Calle F 5610 frente a la escuela Junquillos (Barrio 24 de enero Instrucciones entre Domingo Arena y Duran),Lunes a domingo a las 18:00.,Atienden 50 adultos/as aprox más niñes. Dan aproximadamente 70 botellas de leche.,,-34.837342,-56.184385
Montevideo,Casavalle,Vecinas,Olla,"Verdura, carne y pan.",095410570 (Laura o Natalia),,Elisa Menéndez y Cno. Carmelo Colman,Sábados y domingos de 19:30 a 20:30,"Atienden a 150 personas por día (tienen intenciones de ampliar los días, pero no cuentan con los recursos).",,-34.819837,-56.170651
Montevideo,Casavalle,Vecinas/os Barrio 22 de Mayo,Olla,"Reciben todo tipo de donaciones  (principalmente pañales, productos de limpieza e higiene y gestión menstrual)",097584915,097287764,Guzman Papini esq. Las Piedras.,"Lunes a viernes  reparten a partir de las 20 / 20:30,",,,-34.821999,-56.164759
Montevideo,Casavalle,Vecinas del Barrio 1° de Mayo con apoyo de Brigada Estudiantil.,Olla,"Reciben todo tipo de donaciones (principalmente pañales, productos de limpieza e higiene y gestión menstrual)",093368150 (Sandra),,"Salón 1° de Mayo, Calle las Piedras.",Sábados y domingos (mediodía). Están intentando hacer algo para la merienda de los domingos.,"Habitualmente atienden a 70 niñes, el último fin de semana  fueron 130 niñes y 2 adultos. Se da una vianda, botella de leche y pan. Las familias deben llevar un tupper. De recibir alguna donación, harían una merienda entre semana.",,-34.822128,-56.163414
Montevideo,La Teja,Iniciativa Vecinal,Olla,Se reciben alimentos,No corresponde,,Av Carlos Ramirez entre Teller y Agustín Muñoz,Jueves 20.00 hs,Llevar tupper,,-34.863326,-56.232673
Montevideo,Cordón,Club Atlético Cordón,Olla,Se reciben donaciones,091923053,,Galicia 1673,Olla: Consultar al número de contacto Donaciones: 14 a 16 hs,Se coordinan retiros de donaciones vía telefónica,,-34.897577,-56.181066
Montevideo,Centro,Movimiento de Participación Popular,Punto de Donación,"Se reciben alimentos no perecederos, productos de limpieza e Higiene personal",092999609,,Mercedes 1368,9 a 18 hs,Se van a buscar a domicilio las donaciones o se reciben en el local. Contactarse vía Whatsapp para coordinar el retiro.,,-34.903645,-56.186711
Rocha,"Chuy,La Coronilla,Barra del Chuy,18 de Julio",Red Solidaria Chuy,Punto de Donación,Se reciben alimentos no perecederos y toda clase de donaciones,098823513,098327339,No corresponde,Durante el día,Contactar vía telefónica para acordar punto de entrega y solicitud de apoyo,,No corresponde,No corresponde
Montevideo,Jacinto Vera,Centro Social y Deportivo Victoria,Olla,Alimentos no perecederos,091773513,,Requena 2716,"Jueves, sábado y lunes a las 20 hs",Llevar recipiente,,-34.877124,-56.173248
Montevideo,No corresponde,Iniciativa ciudadana: CANASTAS UY,Canasta,Ofrecer trabajo voluntario en el armado de las canastas.,No corresponde,@CanastasUy en IG,No corresponde,,"Están entregando canastas en Municipio A, Colonia Nicolich y Paso Carrasco.  Audita Guyer&Regules",,No corresponde,No corresponde
Montevideo,Nuevo París,Pizzería Los Dos Hermanos,Olla,Reciben donaciones,23071388,,Turubí y Carlos de la Vega,"Martes, Jueves y Sábado 13hs",,,-34.845836,-56.243222
Montevideo,Villa Española,Pizzeria El Triunfo,Empresa que dona,"Reciben donaciones de harina, salsa de tomate, cosas para pizza. Solo les queda materia prima para hacer una jornada más de reparto.",098735539,,Himalaya 3148,,Para familias con niños/as reparten pizzetas por familia.,,-34.866483,-56.150291
Montevideo,"Cordón,Palermo,Parque Rodó,Aguada,La Comercial,Tres Cruces",Jóvenes del Municipio B Apoyo: Consejo Vecinal 2,Realización de compras,No corresponde,099405205,areasocialmunicipiob@gmail.com,No corresponde,Se toman pedidos desde las 9 hasta las 15hs.,"Adultos mayores de 60 años, personas con enfermedades crónicas, personas con discapacidad, hogares monoparentales con niños a cargo",,No corresponde,No corresponde
Montevideo,Barrio Sur,Iniciativa vecinal,Olla,Aimentos,098520248,093524166,Plaza Medellín (Zelmar Michelini y Carlos Gardel),Viernes a las 21 hs,Reciben donaciones en todos los almacenes del barrio,,-34.911241,-56.189620
Canelones,Todos,Intendencia de Canelones,Canasta,No aplica,Ver aclaraciones adicionales,092173550,A domicilio,Durante el día,"092385066 y 092173650 (Santa Lucía) 098587614 (Atlántida, Salinas, Floresta, Parque del Plata y Soca) 092208126 (Los cerrillos) 092214673 (ciudad de la costa) 092208975 (Nicolich) 099414869 (La Paz), 092404975 y 092207148 (Las Piedras) 092374345 (Migues, Montes, Tala, San Jacinto) 092198948 (Paso Carrasco)",,No corresponde,No corresponde
Montevideo,Centro,Ándale taquería,Olla,No corresponde,099456647,,Salto 1200,L a V 12:00 hs,Entregan comida,,-34.907964,-56.181994
Montevideo,Barrio Sur,Taller Infantil Raíces junto a vecinas y organizaciones de Barrio Sur,Canasta,"Alimentos no perecederos para canastas y merienda, productos de limpieza e higiene",098697902 Camila Sosa,099005299 Sofía Raffaelli,Zelmar Michelini 993,"Donaciones para canastas los días jueves, donaciones para meriendas todos los días",,Raíces I BROU caja de ahorros pesos ($) 001930334-00001,-34.911662,-56.189755
Canelones,Jaureguiberry,Iniciativa vecinal,Olla,Alimentos,099624044,092787480  091049164  091278284,Se instrumenta en la zona norte de Jaureguiberry,,,,No corresponde,No corresponde
Montevideo,Parque Rodó,Librería Diomedes,Olla,Alimentos,2403 4713,,Bulevar España 2129 esquina Pablo de María,Martes y jueves a las 20.30 se sirve la comida,Se reciben donaciones de 10.00 a 21.00,,-34.908193,-56.170069
Montevideo,Parque Rodó,Amigos y vecinos del Parque Rodó,Punto de Donación,"Productos no perecederos y de limpieza, frutas, verduras y carne",099711537,,Espacio La Uruguaya (Pablo de María 936),14.00 a 17.00,Se pusieron como plazo de recepción el 12 de abril,,-34.911702,-56.170262
Montevideo,Parque Rodó,Alexandra Club Gourmet,Olla,"Metálico o en insumos como tapabocas, guantes, bandejas, tenedores descartables, alcohol e hipoclorito. También llaman a voluntarios menores de 60 años.",099171766,,Pablo de María 1056,"Lunes, miércoles y viernes de 12.00 a 14.00",,,-34.909054,-56.170612
Montevideo,Aguada,Brigada 1958,Olla,Reciben Donaciones,091894724,098651506,Cuareim 2301 Esq. Tajes,,,,-34.887261,-56.192365
Montevideo,"Aires Puros,Parque Batlle,Pocitos,Buceo,Malvín,Parque Rodó,Cordón,Centro",Cooperativa EKO y Vos Con Voz,Retiro de donaciones,Reciben alimentos no perecederos y artículos de limpieza e higiene personal,094990652,094566630,"Local Vos con Voz (Bulevar José Batlle y Ordoñez 4503)  Zona Parque Batlle hasta Malvín: telefónicamente Zona Pque Rodó, Cordón, Centro: telefónicamente",Local Vos con Voz: Lunes a Viernes de 9 a 14hs.,,,-34.854397,-56.180558
Montevideo,Palermo,Radio Pedal,Punto de Donación,"Reciben donaciones para ollas populares, canastas familiares, ropa, y lo que se crea pertinente",Florencia: 099812068 Salvador: 099661182 Sebastián: 09919986 Federica: 098969618,,San Salvador 1510 esq. Martínez Trueba,Martes de 10 a 12hs. Jueves de 15 a 18hs.,Reciben donaciones en ese horario o van a buscarlas si se contacta telefónicamente.,,-34.911565,-56.181238
Montevideo,Palermo,Iniciativa vecinal,Olla,Reciben donaciones,-,,Canelones 1552 esquina Salto,Todos los días al mediodía,,,-34.908184,-56.181911
Montevideo,La Comercial,Iniciativa vecinal,Olla,Alimentos,-,,Juan Paullier 2255 esq. Coquimbo  (frente a Jueves 5),Lunes a Sábados 20hs,,,-34.886225,-56.171177
Montevideo,Cordón,iniciativa vecinal,Olla,Reciben donaciones en puntos de donacion del barrio,-,,Fernandez Crespo 1780 esquina Paysandú,Lunes a Viernes 12:30 a 14:30,,,-34.898036,-56.178445
Montevideo,Ciudad Vieja,Plaza I,Punto de Donación,"Alimentos no perecederos, frutas y verduras, carne, productos sanitarios (tapabocas, guantes, alcohol en gel, detergente,etc), recipientes o tuppers",098141813,094053638,Lindolfo Cuestas y Cerrito,8 a 22hs,Se puede coordinar telefónicamente para ir a retirar,,-34.907624,-56.213909
Montevideo,Ciudad Vieja,Salón Cabeza,Punto de Donación,"Alimentos no perecederos, frutas y verduras, carne, productos sanitarios (tapabocas, guantes, alcohol en gel, detergente,etc), recipientes o tuppers",098141813,094053638,Reconquista 352,8 a 20:30,Se puede coordinar telefónicamente para ir a retirar,,-34.910130,-56.206906
Montevideo,Ciudad Vieja,Almacén Juan,Punto de Donación,"Alimentos no perecederos, frutas y verduras, carne, productos sanitarios (tapabocas, guantes, alcohol en gel, detergente,etc), recipientes o tuppers",098141813,094053638,Reconquista 247,8 a 20:30,Se puede coordinar telefónicamente para ir a retirar,,-34.910708,-56.209299
Montevideo,Ciudad Vieja,Salón del Sol,Punto de Donación,"Alimentos no perecederos, frutas y verduras, carne, productos sanitarios (tapabocas, guantes, alcohol en gel, detergente,etc), recipientes o tuppers",098141813,094053638,Cerrito 732,9 a 18hs,Se puede coordinar telefónicamente para ir a retirar,,-34.903504,-56.201346
Montevideo,Ciudad Vieja,Panadería Futuro Puerto,Punto de Donación,"Alimentos no perecederos, frutas y verduras, carne, productos sanitarios (tapabocas, guantes, alcohol en gel, detergente,etc), recipientes o tuppers",098141813,094053638,Guaraní 1370,24hs,Se puede coordinar telefónicamente para ir a retirar,,-34.909401,-56.211844
Montevideo,Ciudad Vieja,Super Lupín,Punto de Donación,"Alimentos no perecederos, frutas y verduras, carne, productos sanitarios (tapabocas, guantes, alcohol en gel, detergente,etc), recipientes o tuppers",098141813,094053638,Perez Castellanos y Sarandí,8 a 19hs,Se puede coordinar telefónicamente para ir a retirar,,-34.909145,-56.209825
Montevideo,Ciudad Vieja,La Castilla,Punto de Donación,"Alimentos no perecederos, frutas y verduras, carne, productos sanitarios (tapabocas, guantes, alcohol en gel, detergente,etc), recipientes o tuppers",098141813,094053638,Perez Castellano 1368,10 a 22hs,Se puede coordinar telefónicamente para ir a retirar,,-34.908602,-56.209939
Montevideo,Barrio Sur,Almacén La Moni,Punto de Donación,"Alimentos no perecederos, frutas y verduras, carne, productos sanitarios (tapabocas, guantes, alcohol en gel, detergente,etc), recipientes o tuppers",098141813,094053638,Gonzalo Ramírez y Carlos Quijano,"Lunes a Viernes 10:00 a 14:00, 16:00 a 20:00",Se puede coordinar telefónicamente para ir a retirar,,-34.911759,-56.188467
Montevideo,Barrio Sur,Autoservice Mediomundo,Punto de Donación,"Alimentos no perecederos, frutas y verduras, carne, productos sanitarios (tapabocas, guantes, alcohol en gel, detergente,etc), recipientes o tuppers",098141813,094053638,Durazno y Zelmar Michellini,Horario almacen,Se puede coordinar telefónicamente para ir a retirar,,-34.910453,-56.189717
Montevideo,Barrio Sur,Autoservice La Esquina,Punto de Donación,"Alimentos no perecederos, frutas y verduras, carne, productos sanitarios (tapabocas, guantes, alcohol en gel, detergente,etc), recipientes o tuppers",098141813,094053638,Carlos Gardel y Gutierrez Ruiz,Lunes a Sábado 10:00 a 21:00hs,Se puede coordinar telefónicamente para ir a retirar,,-34.911444,-56.190778
Montevideo,Centro,Super Los Valientes,Punto de Donación,"Alimentos no perecederos, frutas y verduras, carne, productos sanitarios (tapabocas, guantes, alcohol en gel, detergente,etc), recipientes o tuppers",098141813,094053638,Durazno y Paraguay,Horario super,Se puede coordinar telefónicamente para ir a retirar,,-34.910638,-56.191986
Montevideo,Centro,Minimarket Al Sur,Punto de Donación,"Alimentos no perecederos, frutas y verduras, carne, productos sanitarios (tapabocas, guantes, alcohol en gel, detergente,etc), recipientes o tuppers",098141813,094053638,Canelones y W. Ferreira,"Lunes a Jueves 8:00 a 22:00, Viernes 8:00 a 00:00, Sábados 10:00 a 00:00",Se puede coordinar telefónicamente para ir a retirar,,-34.908992,-56.195569
Montevideo,Pocitos,Ni todo está perdido,Punto de Donación,"Alimentos, productos de higiene y depósitos a cuenta bancaria",091006810 Angie,,Carlos Ma. Maeso 2763,,"Se reciben aportes en esa dirección, se coordinan retiros, depósitos y entregas al celular",,-34.911159,-56.156321
Montevideo,Centro,El Tundra Bar,Olla,Reciben donaciones,29091578,,Durazno 902 esq. Convención,Lunes al mediodía,,,-34.910981,-56.196449
Montevideo,Casabó,Comisión Fomento Estrella del cerro,Punto de Donación,"Alimentos no perecederos, artículos de limpieza e higiene, todo para armado de canastas",094641143,092297795,José Cañas 4037 Esq. De los Santos,de 8 a 12 hrs o coordinar vía celular,También se puede llamar al 092297795 para coordinar e ir a buscar las donaciones,,-34.881804,-56.280016
Montevideo,Villa Española,Organización Vecinal,Punto de Donación,"Alimentos no perecederos, donaciones para olla popular de la zona.",No corresponde,,Av. José Pedro Varela 1461,Todos los días de 10 a 16 hrs.,Se reciben donaciónes en el auditorio para repartir canastas en la zona.,,-34.861683,-56.152079
Montevideo,Villa Española,Iniciativa vecinal,Olla,"Olla popular de vecinos y vecinas, también se reciben donaciones",091705967,098464819,Agaces e Irureta goyena,"A diario, contactar vía telefónica ",,,-34.866385,-56.143896
Montevideo,Villa Española,Club Social y Deportivo Villa Española,Canasta,"Se reciben donaciones, se entregan canastas",099584844,094612415,Camino Corrales 3148,Durante el día.,Coordinar vía telefónica.,,-34.858798,-56.143191
Montevideo,Reducto,Vilardevoz,Punto de Donación,"Piden donaciones de mates, termos y bombillas para refugiados.",No corresponde,,Paraguay 1190, 14 a 18 hrs,,,-34.909028,-56.192078
Montevideo,Jacinto Vera,Club Yale,Punto de Donación,Alimentos no perecederos y artículos de limpieza.,091526172,,Dr. Gustavo Gallinal 1989,Durante el día.,Coordinar vía telefónica.,,-34.873161,-56.174260
Montevideo,No corresponde,Maestras Feministas,Punto de Donación,"Se reciben pañales, frazadas, toallas higiénicas, productos de limpieza y aseo personal, alimentos no perecederos.",099951050,099821950,No corresponde,Durante el día.,Coordinar vía telefónica con Bárbara o Irene.,,No corresponde,No corresponde
Montevideo,Cerrito de la Victoria,Iniciativa Vecinal,Olla,Se reciben alimentos no perecederos.,094576043,,Juan Acosta esq Cotopaxi,Durante el día.,En lo posible coordinar vía telefónica,,-34.845208,-56.164924
Montevideo,Cerrito de la Victoria,Iniciativa Vecinal,Olla,Se reciben donaciones,092933742,,San Martín Esq. B.Mendez,Durante el día.,En lo posible coordinar vía telefónica,,-34.856409,-56.174642
Canelones,Las Piedras,Comité Félix Vidarte,Punto de Donación,"Alimentos secos, verduras y artículos de limpieza",095496658,,República Argentina esq. Pando,Lunes a Viernes de 19 a 21 hs,Contactar por Whatsapp,,-34.722007,-56.209355
Montevideo,Villa Española,Olla Popular Vecines,Olla,Alimentos para comida de olla,091994815 (Marcela) - 099920303,,Agaces y Irureta Goyena,16:30 a 19:00 hs,Pasan a buscar donaciones en la zona. Entregan plato,,-34.866508,-56.143837
Montevideo,Villa Española,Asociación Civil Barrio y Cultura,Canasta,"Alimentos no perecederos, leche en polvo",094 804 648,098231098,Anfiteatro Canario Luna. Dámaso A. Larrañaga Esq. José Serrato,Turismo: Lunes a viernes de 13 a 16hs,Resto de las semanas: L a S de 10 a 16 hs,,-34.861733,-34.861733
Montevideo,Ciudad Vieja,AEBU,Olla,Reciben donaciones en bar Montevideo al Sur de 9:00 a 00:00,-,,Aebu - Reconquista 570,Martes y Jueves 12hs,,,-34.908793,-56.202720
Montevideo,Barrio Sur,Montevideo al Sur,Olla,Reciben donaciones de 9:00 a 00:00,099228148,,Paraguay 1150 esquina Maldonado,Miércoles 19hs,,,-34.909779,-56.191977
Montevideo,Centro,La Cretina Casa de Arte,Olla,Reciben donaciones en bar Montevideo al Sur de 9:00 a 00:00,099228148,,Soriano 1236 esquina Carlos Quijano,,,,-34.907581,-56.189352
Flores,Flores,Jóvenes FA-Flores,Retiro de donaciones,Artículos de limpieza,091270507,091397626,No corresponde,,,,No corresponde,No corresponde
Paysandú,No corresponde,Iniciativa Vecinal,Realización de compras,No corresponde,098247858,,No corresponde,,Realización de compras a población de riesgo,,No corresponde,No corresponde
Treinta y Trés,No corresponde,Jóvenes FA-Treinta y Tres,Realización de compras,No corresponde,092365306  091665164  098864387,,No corresponde,,Realización de compras a población de riesgo,,No corresponde,No corresponde
Montevideo,Pocitos,Jóvenes FA,Retiro de donaciones,"Recaudación de alimentos secos, ropa, juguetes y artículos de primera necesidad",098220931,,No corresponde,,,,No corresponde,No corresponde
Montevideo,Nuevo París,Iniciativa vecinal,Olla,Alimentos,097113175,093846063,"Batlle Berres, entre camino las tropas y Yugoslavia","Lunes, miércoles y viernes a las 19 hs",Traer vianda,,"-34.846393, ",-56.250488
Montevideo,Jacinto Vera,Comité García Lorca,Punto de Donación,Alimentos y productos de limpieza.,099 704 126,,Colorado 2212 casi Cufré,Lunes a viernes de 17 a 19 hs.,,,-34.878404,-56.170321
Montevideo,Colón,Iniciativa Vecinal: Plaza Inve 17,Olla,Se reciben donaciones,Paula 094999829,,Inve 17 y La Quinta,Sábados y Domingos,,,-34.791876,-56.224800
Montevideo,Barrio Lavalleja,Tablado Lavalleja,Olla,Se reciben donaciones,Bety 094085023,,Teatro Barrio Lavalleja - Camino Edison y Av. de las Instrucciones,Sabados y Domingos,,,-34.836066,-56.192264
Montevideo,Sayago,Iniciativa Vecinal: Parque de los Fogones,Olla,Se reciben donaciones,094951553,,Parque de los Fogones - Av. Millán y Martin Ximeno,Sabados y Domingos,,,-34.833875,-56.226058
Montevideo,Colón,Iniciativa Vecinal: Monte de la Francesa,Olla,Se reciben donaciones,Luis 094036883,,Monte de la Francesa - Lanús y Yegros,,,,-34.804983,-56.230063
Montevideo,Sayago,Agrupación Hinchas de Racing,Olla,Se reciben donaciones,Alvaro 095536444,,Millán y Eduardo Pondal,,,,-34.842715,-56.207704
Montevideo,Conciliación,Iniciativa Vecinal: Club Cohami,Olla,Se reciben donaciones,094624751,,Club cohami - Millan y Lecoq,Sabados y Domingos,,,-34.823054,-56.241162
Montevideo,Colón,Repique,Olla,Se reciben donaciones,091269590,,Amandau 5722,Lunes a Viernes de 11 a 16 hs,,,-34.805459,-56.224633
Montevideo,Conciliación,Sindicato COMESA,Olla,Se reciben donaciones,Claudio Vera: 099584720 ,,Martin Ximeno 875 esq. Millán,"Martes, Jueves, Sábado y Domingo 13 Hs.",,,-34.832166,-56.224585
Montevideo,Abayubá,Iniciativa vecinal,Olla,Se reciben donaciones,Mirtha Gao,,Cno de la Justicia y Abayubá,Todos los días de tarde,,,-34.767720,-56.220661
Montevideo,Conciliación,Vecinos de La Tablada,Olla,Se reciben donaciones,Augusto 099894189 ,,Lecocq 934 esq Millán ,Lunes y Miercoles 13 hs.,,,-34.822200,-56.240613
Montevideo,Casavalle,Angel (almacén y flia),Merienda,Leche y verduras.,092671301,,"San Ramón, solar 6, Barrio 1 de Mayo (Galpón al costado del almacén)","Merendero: Lunes a lunes de 8 a 10 (dejan las botellas y luego las pasan a bucar). Olla: Sábado y domingo, se entrega la comida desde las 17:00 a 18:00.","Ángel y su flia tienen vivienda en el barrio 1° de Mayo y tienen un almacén, donde elaboran la comida y panes para la iniciativa (han recibido donaciones, ) Inicitiva de Ángel y su flia, actualmente funciona con a partir de donaciones e ingresos de la flia",,-34.821251,-56.161951
Montevideo,Casavalle,Vecinas/os de la Gruta.,Olla,"Granos, verduras.",095229074 (Angélica),,Gruta de Lourdes.,"Miercoles, sábados y domingos.","Atienden a 70 personas, con porciones de 3 litros.",,-34.825861,-56.183602
Montevideo,Casavalle,Vecinas/os de Instrucciones y Mendoza.,Olla,"Carne, pan, verduras, frutas.",092548176 (Sara),,"Club Arapey, Instrucciones y Mendoza",Todos los días a las 20:00.,Atienden 65 personas aprox. La inciativa es de 2 parejas (vecinas del barrio) y lo realizan con sus ingresos únicamente.,,-34.806489,-56.162328
Montevideo,"Larrañaga,La Blanqueada",Iniciativa Vecinal Todos Juntos,Punto de Donación,Alimentos no perecederos,098324142,,Emilio Raña 2915 esq. Juan Cabal (Club Paysandú),Martes y jueves de 15 a 18 hs y miércoels de 10 a 13 hs,"También retiran donaciones a domicilio, coordinar con el número de contacto. DIstribullen las donaciones en distintas ollas de Montevideo.",,-34.878475,-56.158861
Montevideo,"Larrañaga,La Blanqueada,Parque Rodó",C. A. La Blanqueada,Punto de Donación,Alimentos,099258845,"@LaBlanqueadaU en Twitter, Facebook e Instagram",Emilio Frugoni 1043 esq. Isla de Flores (Brownies Luis) Emilio Raña 2915 esq Juan Cabal (Club Paysandú),En Brownies Luis martes y miércoles de 17 a 18 hs. En Club Paysandú martes y jueves de 15 a 18 hs y miércoles de 10 a 13 hs.,"También retiran donaciones a domicilio, coordinar con el número de contacto o por redes sociales.",,-34.910385,-56.175061
Montevideo,Buceo,Gimnasio Antoniello,Punto de Donación,Alimentos y productos de limpieza e higiene personal,099538917 (Eduardo Ballini),094625416 (José Gumber),"Escuela Japón, Pérez Gomar 2219 esq. Espinosa.","Martes, jueves y sábados, de 11:00 a 14:00",Coordinados con club Unión Atlética,,-34.893543,-56.123744
Montevideo,Malvín,Club Unión Atlética,Punto de Donación,Alimentos y productos de limpieza e higiene personal,Santiago Armas (098 894 273),094625416 (José Gumber),"Club Unión Atlética, Velsen 4509",Miércoles y viernes de 15:30 a 17:00,Coordinados con Gimnasio Antoniello,,-34.894249,-56.113103
Montevideo,No corresponde,Grupo de amigos,Particular que dona,Alimentos y fondos para compra de alimentos,099162365,,No corresponde,No corresponde,"Con donaciones a la cuenta compran alimentos que reparten a distintas ollas populares, principalmente por Marconi, Nuevo París y La Teja. También se pude coordinar con el número de contacto para que retiren donaciones a domicilio.",Itau 7805656 (Gabriela Peralta),No corresponde,No corresponde
Montevideo,No corresponde,SOMOS - Acción en Red,Retiro de donaciones,Todo tipo de donaciones y fondos,Instagram o Twitter: @somosaccionuy,e-mail: somos@somosaccion.uy,No corresponde,No corresponde,Vinculan a personas y empresas que están dispuestas a contribuir con quienes llevan adelante iniciativas solidarias. Contactar por e-mail o redes sociales.,,No corresponde,No corresponde
Montevideo,Brazo Oriental,Iniciativa vecinal,Olla,Alimentos,"098409665, 099091891, 099073492",,Guillermo Tell 4022 esq. Darwin (Delta Patin Club),Domingos 20 hs. Coordinar para donaciones.,,,-34.861191,-56.183607
Canelones,Barros Blancos,RED DE MERENDEROS,Merienda,Se reciben donaciones,095509142,,Villa La Colina - Rincón esq. 25 de agosto frente al Huracán Siré,"Sábados, con previa coordinación",,,-34.750432,-56.013633
Canelones,Barros Blancos,Carnicería: Don Delgado,Olla,Se reciben donaciones,22888485,,Ruta 8 km 23.800,"Lunes a sábado, 19 hs",,,-34.762953,-56.016789
Canelones,Barros Blancos,Los Pinos Baby,Canasta,Se reciben donaciones,"092 663 361, 099 748 875, 098 557 244",,Ruta 8 km 26 - Cancha Los Pinos,Sábados,,,-34.748551,-56.002552
Canelones,Barros Blancos,Los Pinos Baby,Olla,Se reciben donaciones,"092 663 361, 099 748 875, 098 557 244",,Ruta 8 km 26 - Cancha Los Pinos,Miércoles 19 hs.,,,-34.748551,-56.002552
Canelones,Barros Blancos,Comisión de Jóvenes de Barros Blancos y Murga la Mascarada,Olla,Se reciben donaciones,"094 485 351, 092 876 371",,Ruta 8 km 26.500,Sábados 19 hs y Domingos 13.30 hs.,,,-34.749466,-55.997187
Canelones,Barros Blancos,Comisión de Jóvenes de Barros Blancos y Murga la Mascarada,Merienda,Se reciben donaciones,"094 485 351, 092 876 371",,Ruta 8 km 26.500,Jueves 17 hs.,,,-34.749466,-55.997187
Canelones,Barros Blancos,Lista 939 FA,Canasta,Se reciben donaciones,094345006,,Ruta 8 Km. 25.500 - Calle Las Magnolias entre Caputti y Las Violetas,Coordinar por teléfono,,,-34.756945,-56.003823
Canelones,Suárez,Iniciativa Vecinal,Olla,Reciben donaciones ,093 687 106,,Calle Pérez Castellano esq.Aparicio Saravia en el costado de heladería Francolate,Coordinar donaciones por mensaje de WhatsApp o llamar,,,-34.733072,-56.035397
Montevideo,Tres Cruces,Comité 26 de Julio,Punto de Donación,"Se reciben donaciones de alimentos. Items más urgentes: harina, lentejas, arroz, azúcar, aceite y leche en polvo.",099440037,,Cufré 1800 esquina Ferrer Serra,"Jueves , Viernes y Sábados de 17 a 20hs",Los alimentos se reciben para colaborar con las canastas del PIT CNT y las ollas populares del barrio.,,-34.895018,-56.168605
Montevideo,Centro,Red Solidaria Arerunguá,Punto de Donación,Alimentos no perecederos y ropa,092143478,,Soriano 1384,Lunes a viernes de 10 a 17 hs,"Ellos tienen una red de personas que reparten en barrios de la periferia, trabajan con unos 40 referentes barriales de Montevideo",,-34.907331,-56.185772
Montevideo,Jardines del Hipódromo,Iniciativa vecinal,Olla,Alimentos y otro tipo de donaciones (actualmente están faltando sobre todo verduras),096 880 946,,José Piendibene 3642 esq. Lacio,"sábados y domingos, arranca a las 17 aprox","Llevar vianda, casa de familia",,-34.838186 ,-56.136904
Montevideo,Capurro,Sindicato de la Química,Olla,Dan viandas,2309 16 20 - 2304 93 06,organizacionquimica@adinet.com.uy,Capurro 928-930,19hs,,,-34.869393,-56.208219
Montevideo,Jacinto Vera,La Peña Parrilla,Olla,Se reciben donaciones de alimentos.,2203 0311,,Pedernal 2151,"Miércoles, Viernes y Domingo entre 13 y 16hs",Llevar Vianda,,-34.874784,-56.169932
Montevideo,Malvín Norte,Olla Popular Berro,Olla,Alimentos,092630371 (Rosa),096205657,Enrique Ciancone esquina Roberto Berro,Sábados y domingos a partir de las 20:00 (llevar recimiente),Lo que más escasea es carne y verdura,,-34.875924, -56.117013
Montevideo,Jardines del Hipódromo,Iniciativa vecinal,Olla,"Alimentos en general, pero lo que diariamente más falta es carne, frutas/verduras y pan.",099734480,,David Chiossoni 3585,martes y jueves 20hs,Llevar tupper y una persona x núcleo familiar. Pueden pasar a buscar donaciones,Tarjeta MiDinero ci 3508072-4,-34.837570,-56.132950
Montevideo,Malvín Norte,Olla Malvín Norte,Olla,"Alimentos. Lo que más escasea en este momento es aceite, salsa de tomate y leche.",093 301 890 095 628 133,,"Salón CH INVE 16, Calle 121 esquina Iguá","Se entrega viernes, sábados y domingos, alrededor de las 17:00","Las donaciones se reciben de lunes a jueves de 11:00 a 17:00. Dependiendo de las donaciones, también se arman canastas y se preparan meriendas.",,-34.881239,-56.113802
Montevideo,Barrio Lavalleja,Iniciativa Vecinal,Olla,Alimentos,No corresponde,,Calle F 3957,"Sábado y Domingo 17 horas inicia, se reparte 20 horas",Casa de ICA,,-34.837212,-56.184377
Montevideo,Barrio Lavalleja,Iniciativa Vecinal,Olla,Alimentos,No corresponde,Nicolás,Royal Instrucciones 1200 A D2 ,Domingo 13:30 horas,,,-34.839276, -56.196253
Montevideo,Barrio Lavalleja,Iniciativa Vecinal,Olla,Alimentos,No corresponde,,"Pasaje F, entre Av. Instrucciones y Gambeta (A 1 cuadra del liceo 60)",Sábado y Domingo olla 20:30 horas Lunes merienda 18 horas,,,-34.839915,-56.192766
Montevideo,Barrio Lavalleja,Iniciativa Vecinal,Olla,Alimentos,No corresponde,José,Silva 3993 Entre Costanera y Fuentes,,"Vecinos Unidos , Lunes a Domingo de noche",,-34.841651,-56.186665
Montevideo,Barrio Lavalleja,Iniciativa Vecinal,Olla,Alimentos,No corresponde,Julio,Pasaje 121 1178,,"Proyecto Tío Julio , Lunes a Domingo ",,-34.843985,-56.188754
Montevideo,Malvín Norte,Olla Popular Boix Merino,Olla,Reciben todo tipo de donaciones,094889164 - 095578924,,Calle 2 2240.,,Reciben donaciones todos los días de 9:30 a 19:00 en Menorca 1905 y calle 4,,-34.879767,-56.123530
Montevideo,Sayago,Iniciativa vecinal,Olla,Se reciben alimentos,096806888 (Beatriz),,Ariel y vía (Frente al club sayago),13:00 hrs (Todos los días),Llevar vianda. Se reciben donaciones: todos los días frente al Club Sayago,,-34.832568,-56.218260
Montevideo,Malvín Norte,Vecinos Euskalerría,Olla,"Alimentos no perecederos, verduras, productos de limpieza",095425068  093301890  095628133,,Costanera Euskalerría,Sábados y domingos,,,-34.882236,-56.124485
Montevideo,Lezica,Iniciativa Vecinal,Olla,Se reciben donaciones,096262971 096021742 ,,Colman y Pororó,20 Hs.,,,-34.792582,-56.235909
Montevideo,Villa Española,Iniciativa vecinal,Olla,"Pulpa de tomate, lentejas, tapabocas, guantes",099527443,,Antel Arena (D.A. Larrañaga y Serrato),Viernes de 20 a 21:30 hs,Reciben  donaciones en Robinson 3367 de 8 a 15 hs,,-34.861812,-56.151720
Montevideo,Cachimba,Iniciativa Vecinal,Olla,"Se reciben donaciones, alimentos no perecederos para olla popular",094954016,,Gregorio Camino Esq. Heredia,"Lunes a Domingos, durante el día",,,-34.863601,-56.241099
Montevideo,Nuevo París,Cooperativa Covijave 2,Olla,Se reciben donaciones,No corresponde,,Calle Pública 1153 esq Islas Canarias ,13 Hs.,,,-34.833174,-56.236877
Montevideo,Boyada,Iniciativa Vecinal,Merienda,"Se da Merienda a niñes barrio La Boyada, se reciben toda clase de donaciones",092 912 571,,La Boyada,"Lunes a Domingos, de tarde","Dirigida a familias, de acuerdo a donaciones se van haciendo las meriendas.",,-34.858529,-56.252890
Montevideo,Seis de Diciembre,Iniciativa Vecinal,Merienda,Se reciben toda clase de donaciones para brindar merienda,092085983,,Tomás Gonzalez Padrón 5530,"Lunes a Domingos, de tarde","Dirigida a familias, de acuerdo a donaciones se van haciendo las meriendas.",,-34.835480,-56.231824
Montevideo,Villa Muñoz,Rotisería El Garrison,Merienda,Donaciones,92310955,,Domingo Aramburú 1840 esquina Democracia,Todos los días 8:00 a 11:00 y 18:00 a 19:30,Café con leche y tostadas con manteca,,-34.883776,-56.177937
Canelones,Las Piedras,Iniciativa vecinal,Olla,Se reciben donaciones,097992973 - 099239735,,Bolivia esq. Instrucciones del Año XIII,,,,-34.728199,-56.231492
Canelones,Las Piedras,Iniciativa vecinal,Olla,Se reciben donaciones,094827612 (María),,Complejo Libertad - Vivienda 34 D - La Pilarica,,,,-34.741532,-56.217687
Canelones,Las Piedras,Iniciativa vecinal,Olla,Se reciben donaciones,094637367 - 092327637,,Curva de Carlos Gardel - La Pilarica,,,,-34.744686,-56.218623
Canelones,Las Piedras,Iniciativa vecinal,Olla,Se reciben donaciones,096117341 (Sheila Rodríguez),,Frente al Castillo de La Pilarica,,,,-34.742913,-56.215658
Canelones,Las Piedras,JFA,Olla,Se reciben donaciones,092150814 - 092056943,,Sin espacio físico específico,,,,No corresponde,No corresponde
Canelones,Las Piedras,Iniciativa vecinal,Olla,Se reciben donaciones,091600910 (Daniela) - 098907825,,Manuel Meléndez 808 esq. Dr. Pouey,,,,-34.735336,-56.223517
Canelones,Las Piedras,C.A. Juventud de Las Piedras.,Olla,Se reciben donaciones,098729120,,Sin espacio físico específico,,,,No corresponde,No corresponde
Canelones,Las Piedras,Club de Niños/as Trampolines (ONG El Abrojo),Olla,Se reciben donaciones, 099699322,,Wilson Ferreira Aldunate esq. Espínola,Lunes a Viernes de 9 a 15hs,,,-34.724286,-56.220505
Canelones,Las Piedras,Centro Juvenil Mandalavos (ONG El Abrojo),Olla,Se reciben donaciones,094922782,,Instrucciones del Año XIII esq. Garibaldi,Lunes a Viernes de 11 a 15hs,,,-34.727949,-56.218154
Canelones,Las Piedras,Oratorio y Centro Juvenil El Carmen (Salesianos),Olla,Se reciben donaciones,096101665 - 098942185,,Treinta y Tres esq. Wilson Ferreira Aldunate,,,,-34.724370,-56.222912
Canelones,Las Piedras,Iniciativa vecinal,Olla,Se reciben donaciones,096104551 - 091036615,,Leandro Gómez y Canelones,,,,-34.723162,-56.215032
Canelones,Las Piedras,Iniciativa vecinal,Olla,Se reciben donaciones,093925021 - 095014751,,Treinta y Tres 4121 entre Juan y Ramón Ortíz,,,,-34.729917,-56.222665
Canelones,Las Piedras,Iniciativa vecinal,Olla,Se reciben donaciones,093714093,,Frente a la Escuela 173 (Campisteguy),,,,-34.712175,-56.205557
Canelones,Las Piedras,Iniciativa vecinal,Olla,Se reciben donaciones,095610063 - 093763288,,Sin espacio físico específico,Lunes a Viernes:meriendas. Sábados y domingos: Olla Popular.,También arman canastas,,No corresponde,No corresponde
Canelones,Las Piedras,Cté de Base Félix Vidarte,Canasta,Se reciben donaciones,095496658,,Rep. Argentina esq. Pando,Se recepciona martes y jueves de 19 a 21hs,,,-34.722210,-56.209543
Canelones,Las Piedras,Iniciativa vecinal,Olla,Se reciben donaciones,091272045,,Esínola 692 esq. Baltasar Brum,,,,-34.729763,-56.220494
Canelones,Las Piedras,Iniciativa vecinal,Olla,Se reciben donaciones,096258961,,Pando esq. Rep. Argentina,,,,-34.721756,-56.209342
Canelones,Las Piedras,Plenario Intersindical de Las Piedras (PIT-CNT),Olla,Se reciben donaciones,095211684 (Sebastián Remedios),,Leandro Gómez 589 esq. Av. Artigas,Recepción de donaciones de Lunes a Viernes:  10 a 13 hs.,,,-34.726470,-56.214840
Canelones,Las Piedras,Iniciativa vecinal,Olla,Se reciben donaciones,095647959,,Sin espacio físico específico,,,,No corresponde,No corresponde
Canelones,La Paz,C.S. y D. La Bomba,Olla,Se reciben donaciones,098874147 - 097505521,,Sede C.S. y D. La Bomba,Se reciben donaciones Lunes y Miercoles 19 hs.,,,-34.744713,-56.226174
Canelones,Progreso,Progreso Solidario,Canasta,Se reciben donaciones,099472132 - 095903271,,Sin espacio físico específico,,,,No corresponde,No corresponde
Canelones,Canelones,Iniciativa vecinal,Olla,Se reciben donaciones,cel: 091950027,,Calle Ancha esq. Monegal,,Donaciones se coordinan al contacto o se entregan en la dirección,,-34.529488,-56.276141
Montevideo,No corresponde,REDALCO,Punto de Donación,Dinero para entregar canastas de verduras y frutas,No corresponde,,No corresponde,No corresponde,Con cada donación de $500 se colabora con 18 kg de frutas y verduras aportando 50 platos sanos y nutritivos para llevar a aquellas familias que en este contexto de emergencia necesitan.,BROU 00178550600001,No corresponde,No corresponde
Paysandú,Paysandú,Iniciativa vecinal,Olla,Alimentos y donaciones,096 121 815,,Coordinar telefónicamente,,Llevar tupper,,No corresponde,No corresponde
Montevideo,Los Bulevares,"Ferretería ""El Destino""",Punto de Donación,Se reciben donaciones para olla del barrio,23155207,,Ideario Artiguista 1865,Consultar telefónicamente,Consultar telefónicamente,,-34.820747,-56.279499
Maldonado,Centro,Frente Amplio Casa Central,Punto de Donación,Alimentos no perecederos y artículos de limpieza,DANIELA: 098995491,,AV. LUIS BATLLE Y ORDOÑEZ 1213,Lunes a Viernes 10:00 a 12:00 y 16:00 a 18:00,,,-34.901553,-54.953859
Maldonado,San Carlos,Colón F.C. y Los Fantasmas se Divierten,Olla,"VERDURAS, FIDEOS, ARROZ, CARNE, PULPA DE TOMATE",095550320,,SEDE DE COLON F.C.: AGUSTIN ABREU CASI 25 DE AGOSTO,Todos los días 19:00 a 21:00,RECIBEN DONACIONES DE 17:00 A 19:00 Y RETIRAN A DOMICILIO,,-34.790891,-54.925472
Maldonado,Centro,Intersindical Maldonado,Olla,Alimentos,42247611,,ZELMAR MICHELINI 775,Todos los días,Llevar recipiente,,-34.909471, -54.960944
Maldonado,Centro,AUTE,Punto de Donación,Alimentos y artículos de limpieza,42247611,,ZELMAR MICHELINI 775 ,Lunes a Viernes 09:00 a 17:00,,,-34.909471,-54.960944
Maldonado,Centro,ADEOM,Punto de Donación,Alimentos y artículos de limpieza,42225816,,ADEOM MALDONADO ROMAN GUERRA ESQUINA ITUZAINGO,Lunes a Viernes 10:00 a 16:00,,,-34.906991,-54.956818
Maldonado,Centro,AFUC,Punto de Donación,Alimentos y artículos de limpieza,094500851,,AFUC SANTA TERESA CASI 3 DE FEBRERO,Martes a Viernes 13:00 a 16:00,,,-34.912280,-54953098
Maldonado,Barrio 14 de febrero,Jornada Solidaria,Olla,"Alimentos, artículos de limpieza, ropa",ROMINA: 095566398,,FRENTE A CANCHA DE BABY BARCELONA,,"Llevar recipiente, bolsa para el pan, botella para la leche. Retiran donaciones a domicilio",,-34.898772, -54.932494
Maldonado,La Capuera,Olla Comunitaria,Olla,"Fideos, arroz, pulpa de tomate, aceite, porotos y lentejas",092817617,,PARADA 9 CALLE LAS VIBORAS. EL NIDO.,Sábados y Domingos 12:00,,,-34.848077,-55.121122
Rocha,Barra de Chuy,Iniciativa Vecinal,Olla,Se reciben alimentos no perecederos.,091 362 750,,No corresponde,Durante el día,Contactar vía telefónica para solicitar apoyo.,,No corresponde,No corresponde
Montevideo,Monarca,Iniciativa Vecinal,Olla,"Olla popular, se reciben alimentos no perecederos.",094649196,,"Salón comunal Barrio Monarca; al lado de la Policlínica, en la calle Pasaje Central y la Calle 4, cerca de ruta 8.  ",Lunes a viernes a partir de las 19:30,,,-34.777351,-56.034812
Montevideo,Villa García,Club los Zorzales,Merienda,"Merienda y olla popular, se recibe comestibles no perecederos para brindar merienda.",094649196,,"Club los Zorzales, Ruta 8 Brigadier Gral Juan Antonio Lavalleja.",Lunes a viernes a partir de las 17:30 y sábado y domingos a partir de 13:00 hrs,"Olla popular sábado y domingo, merienda de lunes a viernes.",,-34.775011,-56.053691
San José,Playa Pascual,Profes del liceo de Playa,Punto de Donación,Reciben donaciones,092 983 301,,Río de la Plata esquina Carlos Reyles (Comisión Vecinal Playa Pascual),"Lunes, Miércoles y Viernes de 12 a 13.30 hs.",,,-34.742651,-56.450938
Montevideo,Cerro,OLLA POPULAR - Vecines,Olla,Reciben donaciones,No corresponde,,Grecia esq. Barcelona,,,,-34.888465,-56.248529
Canelones,Montes de Solymar,Centro Juvenil Coop. Tunguele,Punto de Donación,Reciben alimentos y productos de higiene,099 668 862  Majo 091785537,,Coordinar telefónicamente,,Se reciben alimentos y art. de limpieza para familias que los necesiten.,,No corresponde,No corresponde
Colonia,Nueva Helvecia,Iniciativa Vecinal,Olla,Reciben donaciones,091 471 165,,Av Gilomen 1448,Entrega de viandas A partir de 21 hs,,,-34.281476,-57.232017
Canelones,Ciudad de la Costa,Mujeres en Alerta,Olla,"Alimentos, productos de higiene, juegos/juguetes",091786159 Sofía - 094972263 Karen,,Becú y Av. Giannattasio (Plaza 8 de Marzo),,Comunicarse antes por teléfono para anotarse para comidas,,-34.835412,-55.982526
Canelones,Sauce,Club Sportivo Artigas,Olla,Se reciben alimentos y donaciones hasta el 03/04,099240201 092487833,,Ruta 6 km 34.500,Sábado 4 de abril - 19.30 hs,Llevar tupper,,-34.653893,-56.065005
Maldonado,Centro,Colegio de Abogados,Punto de Donación,"Artículos de limpieza: hipoclorito, jabón, detergente",094430878 (Maldonado) 099906158 (San Carlos) 099281600 (Pan de Azúcar),094195481 (Maldonado),EDIFICIO SAN LAZARO SARANDI CASI LEDESMA,Lunes a Viernes 14:00 a 16:30,RECIBEN Y RETIRAN A DOMICILIO EN MALDONADO Y SAN CARLOS,,-34.913805,-54.957398
Maldonado,Balneario Buenos Aires,Iniciativa Vecinal,Olla,Alimentos,099080813,,CALLE 34 ESQUINA CALLE 49,Todos los días 20:00 a 21:00,LLEVAR RECIPIENTE. PERSONAS MAYORES DE 65 AÑOS PUEDE COMUNICARSE Y SE ENVIA A DOMICILIO,,-34.885393,-54.789904
Montevideo,Manga,Complejo Manga Chico km16,Olla,"Fideos, arroz, verduras, pan, leche, carne",098 047 693 Adriana Ferreira,,Pasaje P esquina Justo José Alonso  ,,Se realizan las ollas acorde a donaciones,,-34.803322,-56.079964
Montevideo,Peñarol,Movimiento Barrial Solidario,Olla,Se reciben donaciones,099783722,,Aparicio Saravia y Coronel Raiz,Lunes 18hs Miercoles 18hs y Sábados 12hs,"Hacen bonos de colaboración para colaborar con la compra de los artículos que más se necesitan (gas, huevo y carnes, productos de limpieza)",,-34.827195,-56.200514
Montevideo,Paso Carrasco,Paso Carrasco Solidario,Olla,Se reciben donaciones,No corresponde,,Avda del Lago y Camino Carrasco,Martes 11hs,Llevar recipiente,,-34.860699,-56.052386
San José,Playa Pascual,Iniciativa Vecinal,Olla,Se reciben donaciones,099146941,,Consultar telefónicamente,Lunes Miércoles y Viernes 12 a 13:30,,,No corresponde,No corresponde
Canelones,Atlántida,Club Progreso - Estación Atlántida,Olla,Se reciben donaciones,098047394,,"Avenida Monseñor José Orsali, esquina Calle 41 (frente a carnicería progreso)",12:30 a 14hs,"Vianda solidaria desde 12:30 hasta 14hs,  anotarse previamente por telefono, llevar recipiente",,-34.743054,-55.765610
Colonia,Rosario,Viandas a domicilio,Canasta,Se reciben donaciones,099550034,,No aplica,,Comunicarse telefónicamente por viandas a domicilio,,No corresponde,No corresponde
Montevideo,Centro,Teatro El Galpón,Punto de Donación,Reciben alimentos no perecederos y productos de limpieza,24083366,,18 de julio 1618,10 a 19hs,,,-34.903853,-56.181213
Canelones,Pinamar,Comité Victor Deri,Canasta,Se reciben donaciones,095639475 - 097530556,,No aplica,"Se va a buscar Martes, Jueves y Sábados de 17 a 19",,,No corresponde,No corresponde
Montevideo,No corresponde,Asociación de Familiares y Víctimas de la Delincuencia,Canasta,Reciben productos no perecederos y de limpieza,098989724,096227593,No aplica,,"Mandar mensaje por whatsapp con: nombre completo, dirección, barrio, donación a realizar, días y horarios a retirar.",,No corresponde,No corresponde
Montevideo,No corresponde,Mesa de Trabajo sober Mujeres Privadas de Libertad,Punto de Donación,"Se necesitan frazadas para pasar el invierno y productos de higiene personal (jabón de baño, jabón de lavar, shampoo, crema de enjuage, toallas higiénicas, pañales)",097546731,,No aplica,,"La Mesa de Trabajo sobre Mujeres Privadas de Libertad está solicitando colaboración para cubrir las necesidades de 650 mujeres, algunas de ellas con hijas e hijos, que se encuentran privadas de libertad.",,No corresponde,No corresponde
Colonia,Juan Lacaze,Juan Lacaze Deportes,Olla,Reciben donaciones,095314901,091690041 091685963 099076206 098942914,CUOPYC José Pedro Varela y Puerto Sauce,Sábados,"Entregan vianda, 1 litro de agua jane y 2 jabones",,"-34.436206,",-57.439199
Colonia,Juan Lacaze,AFUTU Regional Colonia,Punto de Donación,"Canasta básica: Arroz, Aceite, Fideos, Azúcar, Cocoa, Salsa de Tomates, Harina, Grasa, Ph, Hipoclorito, Jabón neutro o antibacterial.",092252890 098942914,,Comunicarse telefónicamente y pasan a retirar la donación,,Donaciones para repartir a las familias de estudiantes en situación más vulnerable.,,No corresponde,No corresponde
Montevideo,Paso de las Duranas,Olla Popular COVIESSU,Olla,Reciben donaciones de 17 a 20hs,"094259028 (Fátima), 099462986 (Florencio), 093815676 (Leonardo)",,Duque de los Abruzos esquina Domingo Torres (ex Club La Espada),Sábados y Domingos 19:30hs,Llevar vianda,,-34.848599, -56.207023
Montevideo,Cerro,Anfiteatro Fortaleza,Olla,Se reciben donaciones,096398305 Juan Carlos,,Holanda y Dinamarca,Lunes a Domingo 20:30 hs,,,-34.886363,-56.261391
Montevideo,Santa Catalina,Merendero San Martín,Merienda,Se reciben donaciones,098357287 Miguelina,,Los Transparentes 301,"Lunes a Domingo. Lunes a Jueves 15hs, Viernes a Domingo 18hs.",,,-34.891037,-56.290820
